species_id,species_name_cn,asset_role,UPLOADED,DRAFT,QA_PASS,ACTIVE,PUBLIC_API_OK,CLIENT_PENDING,BLOCKED,detail_or_card_image_url,knowledge_assets_version_id,knowledge_assets_status,cards_status,cards_asset_version_id,public_list_cover_hero_fields,evidence_note
grass_carp,草鱼,COVER_HERO,UNKNOWN_PRODUCTION_DB_UNAVAILABLE,UNKNOWN_PRODUCTION_DB_UNAVAILABLE,UNKNOWN_PRODUCTION_DB_UNAVAILABLE,UNKNOWN_PRODUCTION_DB_UNAVAILABLE,BLOCKED_EXACT_VERSION_NOT_PROVABLE,YES,YES_PUBLIC_API_VERSION_BINDING_UNVERIFIED,/api/v1/fish/knowledge-media/grass_carp/cover_hero/v1.webp,,,,,{},详情仅返回图片 URL，未返回 version_id/status；列表接口对应字段缺失。
grass_carp,草鱼,HERO,UNKNOWN_PRODUCTION_DB_UNAVAILABLE,UNKNOWN_PRODUCTION_DB_UNAVAILABLE,UNKNOWN_PRODUCTION_DB_UNAVAILABLE,UNKNOWN_PRODUCTION_DB_UNAVAILABLE,BLOCKED_EXACT_VERSION_NOT_PROVABLE,YES,YES_PUBLIC_API_VERSION_BINDING_UNVERIFIED,/api/v1/fish/knowledge-media/grass_carp/hero/v2.webp,136,FIELD_ABSENT,ACTIVE,FIELD_ABSENT,{},cards[] 有旧 ACTIVE 卡片响应，但没有 asset_version_id；无法证明它与知识资产版本绑定。 knowledge_assets 返回 version_id=136，但缺少 ACTIVE/status/publication_source 且 cards[] 未返回该 ID。
grass_carp,草鱼,IDENTIFICATION,UNKNOWN_PRODUCTION_DB_UNAVAILABLE,UNKNOWN_PRODUCTION_DB_UNAVAILABLE,UNKNOWN_PRODUCTION_DB_UNAVAILABLE,UNKNOWN_PRODUCTION_DB_UNAVAILABLE,BLOCKED_EXACT_VERSION_NOT_PROVABLE,YES,YES_PUBLIC_API_VERSION_BINDING_UNVERIFIED,/api/v1/fish/knowledge-media/grass_carp/identification/v2.webp,137,FIELD_ABSENT,ACTIVE,FIELD_ABSENT,{},cards[] 有旧 ACTIVE 卡片响应，但没有 asset_version_id；无法证明它与知识资产版本绑定。 knowledge_assets 返回 version_id=137，但缺少 ACTIVE/status/publication_source 且 cards[] 未返回该 ID。
grass_carp,草鱼,ECO,UNKNOWN_PRODUCTION_DB_UNAVAILABLE,UNKNOWN_PRODUCTION_DB_UNAVAILABLE,UNKNOWN_PRODUCTION_DB_UNAVAILABLE,UNKNOWN_PRODUCTION_DB_UNAVAILABLE,BLOCKED_EXACT_VERSION_NOT_PROVABLE,YES,YES_PUBLIC_API_VERSION_BINDING_UNVERIFIED,/api/v1/fish/knowledge-media/grass_carp/eco/v2.webp,138,FIELD_ABSENT,ACTIVE,FIELD_ABSENT,{},cards[] 有旧 ACTIVE 卡片响应，但没有 asset_version_id；无法证明它与知识资产版本绑定。 knowledge_assets 返回 version_id=138，但缺少 ACTIVE/status/publication_source 且 cards[] 未返回该 ID。
grass_carp,草鱼,GEAR,UNKNOWN_PRODUCTION_DB_UNAVAILABLE,UNKNOWN_PRODUCTION_DB_UNAVAILABLE,UNKNOWN_PRODUCTION_DB_UNAVAILABLE,UNKNOWN_PRODUCTION_DB_UNAVAILABLE,BLOCKED_EXACT_VERSION_NOT_PROVABLE,YES,YES_PUBLIC_API_VERSION_BINDING_UNVERIFIED,/api/v1/fish/knowledge-media/grass_carp/gear/gear.webp,,,ACTIVE,FIELD_ABSENT,{},cards[] 有旧 ACTIVE 卡片响应，但没有 asset_version_id；无法证明它与知识资产版本绑定。 knowledge_assets 未包含该角色。
grass_carp,草鱼,SKILL,UNKNOWN_PRODUCTION_DB_UNAVAILABLE,UNKNOWN_PRODUCTION_DB_UNAVAILABLE,UNKNOWN_PRODUCTION_DB_UNAVAILABLE,UNKNOWN_PRODUCTION_DB_UNAVAILABLE,BLOCKED_EXACT_VERSION_NOT_PROVABLE,YES,YES_PUBLIC_API_VERSION_BINDING_UNVERIFIED,/api/v1/fish/knowledge-media/grass_carp/skill/skill.webp,,,ACTIVE,FIELD_ABSENT,{},cards[] 有旧 ACTIVE 卡片响应，但没有 asset_version_id；无法证明它与知识资产版本绑定。 knowledge_assets 未包含该角色。
bighead_carp,鳙鱼,COVER_HERO,UNKNOWN_PRODUCTION_DB_UNAVAILABLE,UNKNOWN_PRODUCTION_DB_UNAVAILABLE,UNKNOWN_PRODUCTION_DB_UNAVAILABLE,UNKNOWN_PRODUCTION_DB_UNAVAILABLE,BLOCKED_EXACT_VERSION_NOT_PROVABLE,YES,YES_PUBLIC_API_VERSION_BINDING_UNVERIFIED,,,,,,{},列表接口对应字段缺失；详情没有返回主视觉 URL、版本 ID 或状态。
bighead_carp,鳙鱼,HERO,UNKNOWN_PRODUCTION_DB_UNAVAILABLE,UNKNOWN_PRODUCTION_DB_UNAVAILABLE,UNKNOWN_PRODUCTION_DB_UNAVAILABLE,UNKNOWN_PRODUCTION_DB_UNAVAILABLE,BLOCKED_EXACT_VERSION_NOT_PROVABLE,YES,YES_PUBLIC_API_VERSION_BINDING_UNVERIFIED,/api/v1/fish/knowledge-media/bighead_carp/hero/v1.webp,,,ACTIVE,FIELD_ABSENT,{},cards[] 有旧 ACTIVE 卡片响应，但没有 asset_version_id；无法证明它与知识资产版本绑定。 knowledge_assets 未包含该角色。
bighead_carp,鳙鱼,IDENTIFICATION,UNKNOWN_PRODUCTION_DB_UNAVAILABLE,UNKNOWN_PRODUCTION_DB_UNAVAILABLE,UNKNOWN_PRODUCTION_DB_UNAVAILABLE,UNKNOWN_PRODUCTION_DB_UNAVAILABLE,BLOCKED_EXACT_VERSION_NOT_PROVABLE,YES,YES_PUBLIC_API_VERSION_BINDING_UNVERIFIED,/api/v1/fish/knowledge-media/bighead_carp/identification/v1.webp,,,ACTIVE,FIELD_ABSENT,{},cards[] 有旧 ACTIVE 卡片响应，但没有 asset_version_id；无法证明它与知识资产版本绑定。 knowledge_assets 未包含该角色。
bighead_carp,鳙鱼,ECO,UNKNOWN_PRODUCTION_DB_UNAVAILABLE,UNKNOWN_PRODUCTION_DB_UNAVAILABLE,UNKNOWN_PRODUCTION_DB_UNAVAILABLE,UNKNOWN_PRODUCTION_DB_UNAVAILABLE,BLOCKED_EXACT_VERSION_NOT_PROVABLE,YES,YES_PUBLIC_API_VERSION_BINDING_UNVERIFIED,/api/v1/fish/knowledge-media/bighead_carp/eco/v1.webp,,,ACTIVE,FIELD_ABSENT,{},cards[] 有旧 ACTIVE 卡片响应，但没有 asset_version_id；无法证明它与知识资产版本绑定。 knowledge_assets 未包含该角色。
bighead_carp,鳙鱼,GEAR,UNKNOWN_PRODUCTION_DB_UNAVAILABLE,UNKNOWN_PRODUCTION_DB_UNAVAILABLE,UNKNOWN_PRODUCTION_DB_UNAVAILABLE,UNKNOWN_PRODUCTION_DB_UNAVAILABLE,BLOCKED_EXACT_VERSION_NOT_PROVABLE,YES,YES_PUBLIC_API_VERSION_BINDING_UNVERIFIED,/api/v1/fish/knowledge-media/bighead_carp/gear/v1.webp,,,ACTIVE,FIELD_ABSENT,{},cards[] 有旧 ACTIVE 卡片响应，但没有 asset_version_id；无法证明它与知识资产版本绑定。 knowledge_assets 未包含该角色。
bighead_carp,鳙鱼,SKILL,UNKNOWN_PRODUCTION_DB_UNAVAILABLE,UNKNOWN_PRODUCTION_DB_UNAVAILABLE,UNKNOWN_PRODUCTION_DB_UNAVAILABLE,UNKNOWN_PRODUCTION_DB_UNAVAILABLE,BLOCKED_EXACT_VERSION_NOT_PROVABLE,YES,YES_PUBLIC_API_VERSION_BINDING_UNVERIFIED,/api/v1/fish/knowledge-media/bighead_carp/skill/v1.webp,,,ACTIVE,FIELD_ABSENT,{},cards[] 有旧 ACTIVE 卡片响应，但没有 asset_version_id；无法证明它与知识资产版本绑定。 knowledge_assets 未包含该角色。
silver_carp,白鲢,COVER_HERO,UNKNOWN_PRODUCTION_DB_UNAVAILABLE,UNKNOWN_PRODUCTION_DB_UNAVAILABLE,UNKNOWN_PRODUCTION_DB_UNAVAILABLE,UNKNOWN_PRODUCTION_DB_UNAVAILABLE,BLOCKED_EXACT_VERSION_NOT_PROVABLE,YES,YES_PUBLIC_API_VERSION_BINDING_UNVERIFIED,,,,,,{},列表接口对应字段缺失；详情没有返回主视觉 URL、版本 ID 或状态。
silver_carp,白鲢,HERO,UNKNOWN_PRODUCTION_DB_UNAVAILABLE,UNKNOWN_PRODUCTION_DB_UNAVAILABLE,UNKNOWN_PRODUCTION_DB_UNAVAILABLE,UNKNOWN_PRODUCTION_DB_UNAVAILABLE,BLOCKED_EXACT_VERSION_NOT_PROVABLE,YES,YES_PUBLIC_API_VERSION_BINDING_UNVERIFIED,/api/v1/fish/knowledge-media/silver_carp/hero/v1.webp,,,ACTIVE,FIELD_ABSENT,{},cards[] 有旧 ACTIVE 卡片响应，但没有 asset_version_id；无法证明它与知识资产版本绑定。 knowledge_assets 未包含该角色。
silver_carp,白鲢,IDENTIFICATION,UNKNOWN_PRODUCTION_DB_UNAVAILABLE,UNKNOWN_PRODUCTION_DB_UNAVAILABLE,UNKNOWN_PRODUCTION_DB_UNAVAILABLE,UNKNOWN_PRODUCTION_DB_UNAVAILABLE,BLOCKED_EXACT_VERSION_NOT_PROVABLE,YES,YES_PUBLIC_API_VERSION_BINDING_UNVERIFIED,/api/v1/fish/knowledge-media/silver_carp/identification/v1.webp,,,ACTIVE,FIELD_ABSENT,{},cards[] 有旧 ACTIVE 卡片响应，但没有 asset_version_id；无法证明它与知识资产版本绑定。 knowledge_assets 未包含该角色。
silver_carp,白鲢,ECO,UNKNOWN_PRODUCTION_DB_UNAVAILABLE,UNKNOWN_PRODUCTION_DB_UNAVAILABLE,UNKNOWN_PRODUCTION_DB_UNAVAILABLE,UNKNOWN_PRODUCTION_DB_UNAVAILABLE,BLOCKED_EXACT_VERSION_NOT_PROVABLE,YES,YES_PUBLIC_API_VERSION_BINDING_UNVERIFIED,/api/v1/fish/knowledge-media/silver_carp/eco/v1.webp,,,ACTIVE,FIELD_ABSENT,{},cards[] 有旧 ACTIVE 卡片响应，但没有 asset_version_id；无法证明它与知识资产版本绑定。 knowledge_assets 未包含该角色。
silver_carp,白鲢,GEAR,UNKNOWN_PRODUCTION_DB_UNAVAILABLE,UNKNOWN_PRODUCTION_DB_UNAVAILABLE,UNKNOWN_PRODUCTION_DB_UNAVAILABLE,UNKNOWN_PRODUCTION_DB_UNAVAILABLE,BLOCKED_EXACT_VERSION_NOT_PROVABLE,YES,YES_PUBLIC_API_VERSION_BINDING_UNVERIFIED,/api/v1/fish/knowledge-media/silver_carp/gear/v1.webp,,,ACTIVE,FIELD_ABSENT,{},cards[] 有旧 ACTIVE 卡片响应，但没有 asset_version_id；无法证明它与知识资产版本绑定。 knowledge_assets 未包含该角色。
silver_carp,白鲢,SKILL,UNKNOWN_PRODUCTION_DB_UNAVAILABLE,UNKNOWN_PRODUCTION_DB_UNAVAILABLE,UNKNOWN_PRODUCTION_DB_UNAVAILABLE,UNKNOWN_PRODUCTION_DB_UNAVAILABLE,BLOCKED_EXACT_VERSION_NOT_PROVABLE,YES,YES_PUBLIC_API_VERSION_BINDING_UNVERIFIED,/api/v1/fish/knowledge-media/silver_carp/skill/v1.webp,,,ACTIVE,FIELD_ABSENT,{},cards[] 有旧 ACTIVE 卡片响应，但没有 asset_version_id；无法证明它与知识资产版本绑定。 knowledge_assets 未包含该角色。
common_carp,鲤鱼,COVER_HERO,UNKNOWN_PRODUCTION_DB_UNAVAILABLE,UNKNOWN_PRODUCTION_DB_UNAVAILABLE,UNKNOWN_PRODUCTION_DB_UNAVAILABLE,UNKNOWN_PRODUCTION_DB_UNAVAILABLE,BLOCKED_EXACT_VERSION_NOT_PROVABLE,YES,YES_PUBLIC_API_VERSION_BINDING_UNVERIFIED,,,,,,{},列表接口对应字段缺失；详情没有返回主视觉 URL、版本 ID 或状态。
common_carp,鲤鱼,HERO,UNKNOWN_PRODUCTION_DB_UNAVAILABLE,UNKNOWN_PRODUCTION_DB_UNAVAILABLE,UNKNOWN_PRODUCTION_DB_UNAVAILABLE,UNKNOWN_PRODUCTION_DB_UNAVAILABLE,BLOCKED_EXACT_VERSION_NOT_PROVABLE,YES,YES_PUBLIC_API_VERSION_BINDING_UNVERIFIED,/api/v1/fish/knowledge-media/common_carp/hero/v1.webp,,,ACTIVE,FIELD_ABSENT,{},cards[] 有旧 ACTIVE 卡片响应，但没有 asset_version_id；无法证明它与知识资产版本绑定。 knowledge_assets 未包含该角色。
common_carp,鲤鱼,IDENTIFICATION,UNKNOWN_PRODUCTION_DB_UNAVAILABLE,UNKNOWN_PRODUCTION_DB_UNAVAILABLE,UNKNOWN_PRODUCTION_DB_UNAVAILABLE,UNKNOWN_PRODUCTION_DB_UNAVAILABLE,BLOCKED_EXACT_VERSION_NOT_PROVABLE,YES,YES_PUBLIC_API_VERSION_BINDING_UNVERIFIED,/api/v1/fish/knowledge-media/common_carp/identification/v1.webp,,,ACTIVE,FIELD_ABSENT,{},cards[] 有旧 ACTIVE 卡片响应，但没有 asset_version_id；无法证明它与知识资产版本绑定。 knowledge_assets 未包含该角色。
common_carp,鲤鱼,ECO,UNKNOWN_PRODUCTION_DB_UNAVAILABLE,UNKNOWN_PRODUCTION_DB_UNAVAILABLE,UNKNOWN_PRODUCTION_DB_UNAVAILABLE,UNKNOWN_PRODUCTION_DB_UNAVAILABLE,BLOCKED_EXACT_VERSION_NOT_PROVABLE,YES,YES_PUBLIC_API_VERSION_BINDING_UNVERIFIED,/api/v1/fish/knowledge-media/common_carp/eco/v1.webp,,,ACTIVE,FIELD_ABSENT,{},cards[] 有旧 ACTIVE 卡片响应，但没有 asset_version_id；无法证明它与知识资产版本绑定。 knowledge_assets 未包含该角色。
common_carp,鲤鱼,GEAR,UNKNOWN_PRODUCTION_DB_UNAVAILABLE,UNKNOWN_PRODUCTION_DB_UNAVAILABLE,UNKNOWN_PRODUCTION_DB_UNAVAILABLE,UNKNOWN_PRODUCTION_DB_UNAVAILABLE,BLOCKED_EXACT_VERSION_NOT_PROVABLE,YES,YES_PUBLIC_API_VERSION_BINDING_UNVERIFIED,/api/v1/fish/knowledge-media/common_carp/gear/v1.webp,,,ACTIVE,FIELD_ABSENT,{},cards[] 有旧 ACTIVE 卡片响应，但没有 asset_version_id；无法证明它与知识资产版本绑定。 knowledge_assets 未包含该角色。
common_carp,鲤鱼,SKILL,UNKNOWN_PRODUCTION_DB_UNAVAILABLE,UNKNOWN_PRODUCTION_DB_UNAVAILABLE,UNKNOWN_PRODUCTION_DB_UNAVAILABLE,UNKNOWN_PRODUCTION_DB_UNAVAILABLE,BLOCKED_EXACT_VERSION_NOT_PROVABLE,YES,YES_PUBLIC_API_VERSION_BINDING_UNVERIFIED,/api/v1/fish/knowledge-media/common_carp/skill/v1.webp,,,ACTIVE,FIELD_ABSENT,{},cards[] 有旧 ACTIVE 卡片响应，但没有 asset_version_id；无法证明它与知识资产版本绑定。 knowledge_assets 未包含该角色。
crucian_carp,鲫鱼,COVER_HERO,UNKNOWN_PRODUCTION_DB_UNAVAILABLE,UNKNOWN_PRODUCTION_DB_UNAVAILABLE,UNKNOWN_PRODUCTION_DB_UNAVAILABLE,UNKNOWN_PRODUCTION_DB_UNAVAILABLE,BLOCKED_EXACT_VERSION_NOT_PROVABLE,YES,YES_PUBLIC_API_VERSION_BINDING_UNVERIFIED,,,,,,{},列表接口对应字段缺失；详情没有返回主视觉 URL、版本 ID 或状态。
crucian_carp,鲫鱼,HERO,UNKNOWN_PRODUCTION_DB_UNAVAILABLE,UNKNOWN_PRODUCTION_DB_UNAVAILABLE,UNKNOWN_PRODUCTION_DB_UNAVAILABLE,UNKNOWN_PRODUCTION_DB_UNAVAILABLE,BLOCKED_EXACT_VERSION_NOT_PROVABLE,YES,YES_PUBLIC_API_VERSION_BINDING_UNVERIFIED,/api/v1/fish/knowledge-media/crucian_carp/hero/hero.webp,,,ACTIVE,FIELD_ABSENT,{},cards[] 有旧 ACTIVE 卡片响应，但没有 asset_version_id；无法证明它与知识资产版本绑定。 knowledge_assets 未包含该角色。
crucian_carp,鲫鱼,IDENTIFICATION,UNKNOWN_PRODUCTION_DB_UNAVAILABLE,UNKNOWN_PRODUCTION_DB_UNAVAILABLE,UNKNOWN_PRODUCTION_DB_UNAVAILABLE,UNKNOWN_PRODUCTION_DB_UNAVAILABLE,BLOCKED_EXACT_VERSION_NOT_PROVABLE,YES,YES_PUBLIC_API_VERSION_BINDING_UNVERIFIED,/api/v1/fish/knowledge-media/crucian_carp/identification/identification.webp,,,ACTIVE,FIELD_ABSENT,{},cards[] 有旧 ACTIVE 卡片响应，但没有 asset_version_id；无法证明它与知识资产版本绑定。 knowledge_assets 未包含该角色。
crucian_carp,鲫鱼,ECO,UNKNOWN_PRODUCTION_DB_UNAVAILABLE,UNKNOWN_PRODUCTION_DB_UNAVAILABLE,UNKNOWN_PRODUCTION_DB_UNAVAILABLE,UNKNOWN_PRODUCTION_DB_UNAVAILABLE,BLOCKED_EXACT_VERSION_NOT_PROVABLE,YES,YES_PUBLIC_API_VERSION_BINDING_UNVERIFIED,/api/v1/fish/knowledge-media/crucian_carp/eco/eco.webp,,,ACTIVE,FIELD_ABSENT,{},cards[] 有旧 ACTIVE 卡片响应，但没有 asset_version_id；无法证明它与知识资产版本绑定。 knowledge_assets 未包含该角色。
crucian_carp,鲫鱼,GEAR,UNKNOWN_PRODUCTION_DB_UNAVAILABLE,UNKNOWN_PRODUCTION_DB_UNAVAILABLE,UNKNOWN_PRODUCTION_DB_UNAVAILABLE,UNKNOWN_PRODUCTION_DB_UNAVAILABLE,BLOCKED_EXACT_VERSION_NOT_PROVABLE,YES,YES_PUBLIC_API_VERSION_BINDING_UNVERIFIED,/api/v1/fish/knowledge-media/crucian_carp/gear/gear.webp,,,ACTIVE,FIELD_ABSENT,{},cards[] 有旧 ACTIVE 卡片响应，但没有 asset_version_id；无法证明它与知识资产版本绑定。 knowledge_assets 未包含该角色。
crucian_carp,鲫鱼,SKILL,UNKNOWN_PRODUCTION_DB_UNAVAILABLE,UNKNOWN_PRODUCTION_DB_UNAVAILABLE,UNKNOWN_PRODUCTION_DB_UNAVAILABLE,UNKNOWN_PRODUCTION_DB_UNAVAILABLE,BLOCKED_EXACT_VERSION_NOT_PROVABLE,YES,YES_PUBLIC_API_VERSION_BINDING_UNVERIFIED,/api/v1/fish/knowledge-media/crucian_carp/skill/skill.webp,,,ACTIVE,FIELD_ABSENT,{},cards[] 有旧 ACTIVE 卡片响应，但没有 asset_version_id；无法证明它与知识资产版本绑定。 knowledge_assets 未包含该角色。
largemouth_bass,加州鲈,COVER_HERO,UNKNOWN_PRODUCTION_DB_UNAVAILABLE,UNKNOWN_PRODUCTION_DB_UNAVAILABLE,UNKNOWN_PRODUCTION_DB_UNAVAILABLE,UNKNOWN_PRODUCTION_DB_UNAVAILABLE,BLOCKED_EXACT_VERSION_NOT_PROVABLE,YES,YES_PUBLIC_API_VERSION_BINDING_UNVERIFIED,,,,,,{},列表接口对应字段缺失；详情没有返回主视觉 URL、版本 ID 或状态。
largemouth_bass,加州鲈,HERO,UNKNOWN_PRODUCTION_DB_UNAVAILABLE,UNKNOWN_PRODUCTION_DB_UNAVAILABLE,UNKNOWN_PRODUCTION_DB_UNAVAILABLE,UNKNOWN_PRODUCTION_DB_UNAVAILABLE,BLOCKED_EXACT_VERSION_NOT_PROVABLE,YES,YES_PUBLIC_API_VERSION_BINDING_UNVERIFIED,/api/v1/fish/knowledge-media/largemouth_bass/hero/v1.webp,,,ACTIVE,FIELD_ABSENT,{},cards[] 有旧 ACTIVE 卡片响应，但没有 asset_version_id；无法证明它与知识资产版本绑定。 knowledge_assets 未包含该角色。
largemouth_bass,加州鲈,IDENTIFICATION,UNKNOWN_PRODUCTION_DB_UNAVAILABLE,UNKNOWN_PRODUCTION_DB_UNAVAILABLE,UNKNOWN_PRODUCTION_DB_UNAVAILABLE,UNKNOWN_PRODUCTION_DB_UNAVAILABLE,BLOCKED_EXACT_VERSION_NOT_PROVABLE,YES,YES_PUBLIC_API_VERSION_BINDING_UNVERIFIED,/api/v1/fish/knowledge-media/largemouth_bass/identification/v1.webp,,,ACTIVE,FIELD_ABSENT,{},cards[] 有旧 ACTIVE 卡片响应，但没有 asset_version_id；无法证明它与知识资产版本绑定。 knowledge_assets 未包含该角色。
largemouth_bass,加州鲈,ECO,UNKNOWN_PRODUCTION_DB_UNAVAILABLE,UNKNOWN_PRODUCTION_DB_UNAVAILABLE,UNKNOWN_PRODUCTION_DB_UNAVAILABLE,UNKNOWN_PRODUCTION_DB_UNAVAILABLE,BLOCKED_EXACT_VERSION_NOT_PROVABLE,YES,YES_PUBLIC_API_VERSION_BINDING_UNVERIFIED,/api/v1/fish/knowledge-media/largemouth_bass/eco/v1.webp,,,ACTIVE,FIELD_ABSENT,{},cards[] 有旧 ACTIVE 卡片响应，但没有 asset_version_id；无法证明它与知识资产版本绑定。 knowledge_assets 未包含该角色。
largemouth_bass,加州鲈,GEAR,UNKNOWN_PRODUCTION_DB_UNAVAILABLE,UNKNOWN_PRODUCTION_DB_UNAVAILABLE,UNKNOWN_PRODUCTION_DB_UNAVAILABLE,UNKNOWN_PRODUCTION_DB_UNAVAILABLE,BLOCKED_EXACT_VERSION_NOT_PROVABLE,YES,YES_PUBLIC_API_VERSION_BINDING_UNVERIFIED,/api/v1/fish/knowledge-media/largemouth_bass/gear/v1.webp,,,ACTIVE,FIELD_ABSENT,{},cards[] 有旧 ACTIVE 卡片响应，但没有 asset_version_id；无法证明它与知识资产版本绑定。 knowledge_assets 未包含该角色。
largemouth_bass,加州鲈,SKILL,UNKNOWN_PRODUCTION_DB_UNAVAILABLE,UNKNOWN_PRODUCTION_DB_UNAVAILABLE,UNKNOWN_PRODUCTION_DB_UNAVAILABLE,UNKNOWN_PRODUCTION_DB_UNAVAILABLE,BLOCKED_EXACT_VERSION_NOT_PROVABLE,YES,YES_PUBLIC_API_VERSION_BINDING_UNVERIFIED,/api/v1/fish/knowledge-media/largemouth_bass/skill/v1.webp,,,ACTIVE,FIELD_ABSENT,{},cards[] 有旧 ACTIVE 卡片响应，但没有 asset_version_id；无法证明它与知识资产版本绑定。 knowledge_assets 未包含该角色。
snakehead,黑鱼,COVER_HERO,UNKNOWN_PRODUCTION_DB_UNAVAILABLE,UNKNOWN_PRODUCTION_DB_UNAVAILABLE,UNKNOWN_PRODUCTION_DB_UNAVAILABLE,UNKNOWN_PRODUCTION_DB_UNAVAILABLE,BLOCKED_EXACT_VERSION_NOT_PROVABLE,YES,YES_PUBLIC_API_VERSION_BINDING_UNVERIFIED,,,,,,{},列表接口对应字段缺失；详情没有返回主视觉 URL、版本 ID 或状态。
snakehead,黑鱼,HERO,UNKNOWN_PRODUCTION_DB_UNAVAILABLE,UNKNOWN_PRODUCTION_DB_UNAVAILABLE,UNKNOWN_PRODUCTION_DB_UNAVAILABLE,UNKNOWN_PRODUCTION_DB_UNAVAILABLE,BLOCKED_EXACT_VERSION_NOT_PROVABLE,YES,YES_PUBLIC_API_VERSION_BINDING_UNVERIFIED,/api/v1/fish/knowledge-media/snakehead/hero/v1.webp,,,ACTIVE,FIELD_ABSENT,{},cards[] 有旧 ACTIVE 卡片响应，但没有 asset_version_id；无法证明它与知识资产版本绑定。 knowledge_assets 未包含该角色。
snakehead,黑鱼,IDENTIFICATION,UNKNOWN_PRODUCTION_DB_UNAVAILABLE,UNKNOWN_PRODUCTION_DB_UNAVAILABLE,UNKNOWN_PRODUCTION_DB_UNAVAILABLE,UNKNOWN_PRODUCTION_DB_UNAVAILABLE,BLOCKED_EXACT_VERSION_NOT_PROVABLE,YES,YES_PUBLIC_API_VERSION_BINDING_UNVERIFIED,/api/v1/fish/knowledge-media/snakehead/identification/v1.webp,,,ACTIVE,FIELD_ABSENT,{},cards[] 有旧 ACTIVE 卡片响应，但没有 asset_version_id；无法证明它与知识资产版本绑定。 knowledge_assets 未包含该角色。
snakehead,黑鱼,ECO,UNKNOWN_PRODUCTION_DB_UNAVAILABLE,UNKNOWN_PRODUCTION_DB_UNAVAILABLE,UNKNOWN_PRODUCTION_DB_UNAVAILABLE,UNKNOWN_PRODUCTION_DB_UNAVAILABLE,BLOCKED_EXACT_VERSION_NOT_PROVABLE,YES,YES_PUBLIC_API_VERSION_BINDING_UNVERIFIED,/api/v1/fish/knowledge-media/snakehead/eco/v1.webp,,,ACTIVE,FIELD_ABSENT,{},cards[] 有旧 ACTIVE 卡片响应，但没有 asset_version_id；无法证明它与知识资产版本绑定。 knowledge_assets 未包含该角色。
snakehead,黑鱼,GEAR,UNKNOWN_PRODUCTION_DB_UNAVAILABLE,UNKNOWN_PRODUCTION_DB_UNAVAILABLE,UNKNOWN_PRODUCTION_DB_UNAVAILABLE,UNKNOWN_PRODUCTION_DB_UNAVAILABLE,BLOCKED_EXACT_VERSION_NOT_PROVABLE,YES,YES_PUBLIC_API_VERSION_BINDING_UNVERIFIED,/api/v1/fish/knowledge-media/snakehead/gear/v1.webp,,,ACTIVE,FIELD_ABSENT,{},cards[] 有旧 ACTIVE 卡片响应，但没有 asset_version_id；无法证明它与知识资产版本绑定。 knowledge_assets 未包含该角色。
snakehead,黑鱼,SKILL,UNKNOWN_PRODUCTION_DB_UNAVAILABLE,UNKNOWN_PRODUCTION_DB_UNAVAILABLE,UNKNOWN_PRODUCTION_DB_UNAVAILABLE,UNKNOWN_PRODUCTION_DB_UNAVAILABLE,BLOCKED_EXACT_VERSION_NOT_PROVABLE,YES,YES_PUBLIC_API_VERSION_BINDING_UNVERIFIED,/api/v1/fish/knowledge-media/snakehead/skill/v1.webp,,,ACTIVE,FIELD_ABSENT,{},cards[] 有旧 ACTIVE 卡片响应，但没有 asset_version_id；无法证明它与知识资产版本绑定。 knowledge_assets 未包含该角色。
yellow_catfish,黄骨鱼,COVER_HERO,UNKNOWN_PRODUCTION_DB_UNAVAILABLE,UNKNOWN_PRODUCTION_DB_UNAVAILABLE,UNKNOWN_PRODUCTION_DB_UNAVAILABLE,UNKNOWN_PRODUCTION_DB_UNAVAILABLE,BLOCKED_EXACT_VERSION_NOT_PROVABLE,YES,YES_PUBLIC_API_VERSION_BINDING_UNVERIFIED,,,,,,{},列表接口对应字段缺失；详情没有返回主视觉 URL、版本 ID 或状态。
yellow_catfish,黄骨鱼,HERO,UNKNOWN_PRODUCTION_DB_UNAVAILABLE,UNKNOWN_PRODUCTION_DB_UNAVAILABLE,UNKNOWN_PRODUCTION_DB_UNAVAILABLE,UNKNOWN_PRODUCTION_DB_UNAVAILABLE,BLOCKED_EXACT_VERSION_NOT_PROVABLE,YES,YES_PUBLIC_API_VERSION_BINDING_UNVERIFIED,/api/v1/fish/knowledge-media/yellow_catfish/hero/v1.webp,,,ACTIVE,FIELD_ABSENT,{},cards[] 有旧 ACTIVE 卡片响应，但没有 asset_version_id；无法证明它与知识资产版本绑定。 knowledge_assets 未包含该角色。
yellow_catfish,黄骨鱼,IDENTIFICATION,UNKNOWN_PRODUCTION_DB_UNAVAILABLE,UNKNOWN_PRODUCTION_DB_UNAVAILABLE,UNKNOWN_PRODUCTION_DB_UNAVAILABLE,UNKNOWN_PRODUCTION_DB_UNAVAILABLE,BLOCKED_EXACT_VERSION_NOT_PROVABLE,YES,YES_PUBLIC_API_VERSION_BINDING_UNVERIFIED,/api/v1/fish/knowledge-media/yellow_catfish/identification/v1.webp,,,ACTIVE,FIELD_ABSENT,{},cards[] 有旧 ACTIVE 卡片响应，但没有 asset_version_id；无法证明它与知识资产版本绑定。 knowledge_assets 未包含该角色。
yellow_catfish,黄骨鱼,ECO,UNKNOWN_PRODUCTION_DB_UNAVAILABLE,UNKNOWN_PRODUCTION_DB_UNAVAILABLE,UNKNOWN_PRODUCTION_DB_UNAVAILABLE,UNKNOWN_PRODUCTION_DB_UNAVAILABLE,BLOCKED_EXACT_VERSION_NOT_PROVABLE,YES,YES_PUBLIC_API_VERSION_BINDING_UNVERIFIED,/api/v1/fish/knowledge-media/yellow_catfish/eco/v1.webp,,,ACTIVE,FIELD_ABSENT,{},cards[] 有旧 ACTIVE 卡片响应，但没有 asset_version_id；无法证明它与知识资产版本绑定。 knowledge_assets 未包含该角色。
yellow_catfish,黄骨鱼,GEAR,UNKNOWN_PRODUCTION_DB_UNAVAILABLE,UNKNOWN_PRODUCTION_DB_UNAVAILABLE,UNKNOWN_PRODUCTION_DB_UNAVAILABLE,UNKNOWN_PRODUCTION_DB_UNAVAILABLE,BLOCKED_EXACT_VERSION_NOT_PROVABLE,YES,YES_PUBLIC_API_VERSION_BINDING_UNVERIFIED,/api/v1/fish/knowledge-media/yellow_catfish/gear/v1.webp,,,ACTIVE,FIELD_ABSENT,{},cards[] 有旧 ACTIVE 卡片响应，但没有 asset_version_id；无法证明它与知识资产版本绑定。 knowledge_assets 未包含该角色。
yellow_catfish,黄骨鱼,SKILL,UNKNOWN_PRODUCTION_DB_UNAVAILABLE,UNKNOWN_PRODUCTION_DB_UNAVAILABLE,UNKNOWN_PRODUCTION_DB_UNAVAILABLE,UNKNOWN_PRODUCTION_DB_UNAVAILABLE,BLOCKED_EXACT_VERSION_NOT_PROVABLE,YES,YES_PUBLIC_API_VERSION_BINDING_UNVERIFIED,/api/v1/fish/knowledge-media/yellow_catfish/skill/v1.webp,,,ACTIVE,FIELD_ABSENT,{},cards[] 有旧 ACTIVE 卡片响应，但没有 asset_version_id；无法证明它与知识资产版本绑定。 knowledge_assets 未包含该角色。
black_carp,青鱼,COVER_HERO,UNKNOWN_PRODUCTION_DB_UNAVAILABLE,UNKNOWN_PRODUCTION_DB_UNAVAILABLE,UNKNOWN_PRODUCTION_DB_UNAVAILABLE,UNKNOWN_PRODUCTION_DB_UNAVAILABLE,BLOCKED_EXACT_VERSION_NOT_PROVABLE,YES,YES_PUBLIC_API_VERSION_BINDING_UNVERIFIED,,,,,,{},列表接口对应字段缺失；详情没有返回主视觉 URL、版本 ID 或状态。
black_carp,青鱼,HERO,UNKNOWN_PRODUCTION_DB_UNAVAILABLE,UNKNOWN_PRODUCTION_DB_UNAVAILABLE,UNKNOWN_PRODUCTION_DB_UNAVAILABLE,UNKNOWN_PRODUCTION_DB_UNAVAILABLE,BLOCKED_EXACT_VERSION_NOT_PROVABLE,YES,YES_PUBLIC_API_VERSION_BINDING_UNVERIFIED,/api/v1/fish/knowledge-media/black_carp/hero/v1.webp,,,ACTIVE,FIELD_ABSENT,{},cards[] 有旧 ACTIVE 卡片响应，但没有 asset_version_id；无法证明它与知识资产版本绑定。 knowledge_assets 未包含该角色。
black_carp,青鱼,IDENTIFICATION,UNKNOWN_PRODUCTION_DB_UNAVAILABLE,UNKNOWN_PRODUCTION_DB_UNAVAILABLE,UNKNOWN_PRODUCTION_DB_UNAVAILABLE,UNKNOWN_PRODUCTION_DB_UNAVAILABLE,BLOCKED_EXACT_VERSION_NOT_PROVABLE,YES,YES_PUBLIC_API_VERSION_BINDING_UNVERIFIED,/api/v1/fish/knowledge-media/black_carp/identification/v1.webp,,,ACTIVE,FIELD_ABSENT,{},cards[] 有旧 ACTIVE 卡片响应，但没有 asset_version_id；无法证明它与知识资产版本绑定。 knowledge_assets 未包含该角色。
black_carp,青鱼,ECO,UNKNOWN_PRODUCTION_DB_UNAVAILABLE,UNKNOWN_PRODUCTION_DB_UNAVAILABLE,UNKNOWN_PRODUCTION_DB_UNAVAILABLE,UNKNOWN_PRODUCTION_DB_UNAVAILABLE,BLOCKED_EXACT_VERSION_NOT_PROVABLE,YES,YES_PUBLIC_API_VERSION_BINDING_UNVERIFIED,/api/v1/fish/knowledge-media/black_carp/eco/v1.webp,,,ACTIVE,FIELD_ABSENT,{},cards[] 有旧 ACTIVE 卡片响应，但没有 asset_version_id；无法证明它与知识资产版本绑定。 knowledge_assets 未包含该角色。
black_carp,青鱼,GEAR,UNKNOWN_PRODUCTION_DB_UNAVAILABLE,UNKNOWN_PRODUCTION_DB_UNAVAILABLE,UNKNOWN_PRODUCTION_DB_UNAVAILABLE,UNKNOWN_PRODUCTION_DB_UNAVAILABLE,BLOCKED_EXACT_VERSION_NOT_PROVABLE,YES,YES_PUBLIC_API_VERSION_BINDING_UNVERIFIED,/api/v1/fish/knowledge-media/black_carp/gear/v1.webp,,,ACTIVE,FIELD_ABSENT,{},cards[] 有旧 ACTIVE 卡片响应，但没有 asset_version_id；无法证明它与知识资产版本绑定。 knowledge_assets 未包含该角色。
black_carp,青鱼,SKILL,UNKNOWN_PRODUCTION_DB_UNAVAILABLE,UNKNOWN_PRODUCTION_DB_UNAVAILABLE,UNKNOWN_PRODUCTION_DB_UNAVAILABLE,UNKNOWN_PRODUCTION_DB_UNAVAILABLE,BLOCKED_EXACT_VERSION_NOT_PROVABLE,YES,YES_PUBLIC_API_VERSION_BINDING_UNVERIFIED,/api/v1/fish/knowledge-media/black_carp/skill/v1.webp,,,ACTIVE,FIELD_ABSENT,{},cards[] 有旧 ACTIVE 卡片响应，但没有 asset_version_id；无法证明它与知识资产版本绑定。 knowledge_assets 未包含该角色。
tilapia,罗非鱼,COVER_HERO,UNKNOWN_PRODUCTION_DB_UNAVAILABLE,UNKNOWN_PRODUCTION_DB_UNAVAILABLE,UNKNOWN_PRODUCTION_DB_UNAVAILABLE,UNKNOWN_PRODUCTION_DB_UNAVAILABLE,BLOCKED_EXACT_VERSION_NOT_PROVABLE,YES,YES_PUBLIC_API_VERSION_BINDING_UNVERIFIED,,,,,,{},列表接口对应字段缺失；详情没有返回主视觉 URL、版本 ID 或状态。
tilapia,罗非鱼,HERO,UNKNOWN_PRODUCTION_DB_UNAVAILABLE,UNKNOWN_PRODUCTION_DB_UNAVAILABLE,UNKNOWN_PRODUCTION_DB_UNAVAILABLE,UNKNOWN_PRODUCTION_DB_UNAVAILABLE,BLOCKED_EXACT_VERSION_NOT_PROVABLE,YES,YES_PUBLIC_API_VERSION_BINDING_UNVERIFIED,/api/v1/fish/knowledge-media/tilapia/hero/v1.webp,,,ACTIVE,FIELD_ABSENT,{},cards[] 有旧 ACTIVE 卡片响应，但没有 asset_version_id；无法证明它与知识资产版本绑定。 knowledge_assets 未包含该角色。
tilapia,罗非鱼,IDENTIFICATION,UNKNOWN_PRODUCTION_DB_UNAVAILABLE,UNKNOWN_PRODUCTION_DB_UNAVAILABLE,UNKNOWN_PRODUCTION_DB_UNAVAILABLE,UNKNOWN_PRODUCTION_DB_UNAVAILABLE,BLOCKED_EXACT_VERSION_NOT_PROVABLE,YES,YES_PUBLIC_API_VERSION_BINDING_UNVERIFIED,/api/v1/fish/knowledge-media/tilapia/identification/v1.webp,,,ACTIVE,FIELD_ABSENT,{},cards[] 有旧 ACTIVE 卡片响应，但没有 asset_version_id；无法证明它与知识资产版本绑定。 knowledge_assets 未包含该角色。
tilapia,罗非鱼,ECO,UNKNOWN_PRODUCTION_DB_UNAVAILABLE,UNKNOWN_PRODUCTION_DB_UNAVAILABLE,UNKNOWN_PRODUCTION_DB_UNAVAILABLE,UNKNOWN_PRODUCTION_DB_UNAVAILABLE,BLOCKED_EXACT_VERSION_NOT_PROVABLE,YES,YES_PUBLIC_API_VERSION_BINDING_UNVERIFIED,/api/v1/fish/knowledge-media/tilapia/eco/v1.webp,,,ACTIVE,FIELD_ABSENT,{},cards[] 有旧 ACTIVE 卡片响应，但没有 asset_version_id；无法证明它与知识资产版本绑定。 knowledge_assets 未包含该角色。
tilapia,罗非鱼,GEAR,UNKNOWN_PRODUCTION_DB_UNAVAILABLE,UNKNOWN_PRODUCTION_DB_UNAVAILABLE,UNKNOWN_PRODUCTION_DB_UNAVAILABLE,UNKNOWN_PRODUCTION_DB_UNAVAILABLE,BLOCKED_EXACT_VERSION_NOT_PROVABLE,YES,YES_PUBLIC_API_VERSION_BINDING_UNVERIFIED,/api/v1/fish/knowledge-media/tilapia/gear/v1.webp,,,ACTIVE,FIELD_ABSENT,{},cards[] 有旧 ACTIVE 卡片响应，但没有 asset_version_id；无法证明它与知识资产版本绑定。 knowledge_assets 未包含该角色。
tilapia,罗非鱼,SKILL,UNKNOWN_PRODUCTION_DB_UNAVAILABLE,UNKNOWN_PRODUCTION_DB_UNAVAILABLE,UNKNOWN_PRODUCTION_DB_UNAVAILABLE,UNKNOWN_PRODUCTION_DB_UNAVAILABLE,BLOCKED_EXACT_VERSION_NOT_PROVABLE,YES,YES_PUBLIC_API_VERSION_BINDING_UNVERIFIED,/api/v1/fish/knowledge-media/tilapia/skill/v1.webp,,,ACTIVE,FIELD_ABSENT,{},cards[] 有旧 ACTIVE 卡片响应，但没有 asset_version_id；无法证明它与知识资产版本绑定。 knowledge_assets 未包含该角色。
mandarin_fish,鳜鱼,COVER_HERO,UNKNOWN_PRODUCTION_DB_UNAVAILABLE,UNKNOWN_PRODUCTION_DB_UNAVAILABLE,UNKNOWN_PRODUCTION_DB_UNAVAILABLE,UNKNOWN_PRODUCTION_DB_UNAVAILABLE,BLOCKED_EXACT_VERSION_NOT_PROVABLE,YES,YES_PUBLIC_API_VERSION_BINDING_UNVERIFIED,,,,,,{},列表接口对应字段缺失；详情没有返回主视觉 URL、版本 ID 或状态。
mandarin_fish,鳜鱼,HERO,UNKNOWN_PRODUCTION_DB_UNAVAILABLE,UNKNOWN_PRODUCTION_DB_UNAVAILABLE,UNKNOWN_PRODUCTION_DB_UNAVAILABLE,UNKNOWN_PRODUCTION_DB_UNAVAILABLE,BLOCKED_EXACT_VERSION_NOT_PROVABLE,YES,YES_PUBLIC_API_VERSION_BINDING_UNVERIFIED,/api/v1/fish/knowledge-media/mandarin_fish/hero/v1.webp,,,ACTIVE,FIELD_ABSENT,{},cards[] 有旧 ACTIVE 卡片响应，但没有 asset_version_id；无法证明它与知识资产版本绑定。 knowledge_assets 未包含该角色。
mandarin_fish,鳜鱼,IDENTIFICATION,UNKNOWN_PRODUCTION_DB_UNAVAILABLE,UNKNOWN_PRODUCTION_DB_UNAVAILABLE,UNKNOWN_PRODUCTION_DB_UNAVAILABLE,UNKNOWN_PRODUCTION_DB_UNAVAILABLE,BLOCKED_EXACT_VERSION_NOT_PROVABLE,YES,YES_PUBLIC_API_VERSION_BINDING_UNVERIFIED,/api/v1/fish/knowledge-media/mandarin_fish/identification/v1.webp,,,ACTIVE,FIELD_ABSENT,{},cards[] 有旧 ACTIVE 卡片响应，但没有 asset_version_id；无法证明它与知识资产版本绑定。 knowledge_assets 未包含该角色。
mandarin_fish,鳜鱼,ECO,UNKNOWN_PRODUCTION_DB_UNAVAILABLE,UNKNOWN_PRODUCTION_DB_UNAVAILABLE,UNKNOWN_PRODUCTION_DB_UNAVAILABLE,UNKNOWN_PRODUCTION_DB_UNAVAILABLE,BLOCKED_EXACT_VERSION_NOT_PROVABLE,YES,YES_PUBLIC_API_VERSION_BINDING_UNVERIFIED,/api/v1/fish/knowledge-media/mandarin_fish/eco/v1.webp,,,ACTIVE,FIELD_ABSENT,{},cards[] 有旧 ACTIVE 卡片响应，但没有 asset_version_id；无法证明它与知识资产版本绑定。 knowledge_assets 未包含该角色。
mandarin_fish,鳜鱼,GEAR,UNKNOWN_PRODUCTION_DB_UNAVAILABLE,UNKNOWN_PRODUCTION_DB_UNAVAILABLE,UNKNOWN_PRODUCTION_DB_UNAVAILABLE,UNKNOWN_PRODUCTION_DB_UNAVAILABLE,BLOCKED_EXACT_VERSION_NOT_PROVABLE,YES,YES_PUBLIC_API_VERSION_BINDING_UNVERIFIED,/api/v1/fish/knowledge-media/mandarin_fish/gear/v1.webp,,,ACTIVE,FIELD_ABSENT,{},cards[] 有旧 ACTIVE 卡片响应，但没有 asset_version_id；无法证明它与知识资产版本绑定。 knowledge_assets 未包含该角色。
mandarin_fish,鳜鱼,SKILL,UNKNOWN_PRODUCTION_DB_UNAVAILABLE,UNKNOWN_PRODUCTION_DB_UNAVAILABLE,UNKNOWN_PRODUCTION_DB_UNAVAILABLE,UNKNOWN_PRODUCTION_DB_UNAVAILABLE,BLOCKED_EXACT_VERSION_NOT_PROVABLE,YES,YES_PUBLIC_API_VERSION_BINDING_UNVERIFIED,/api/v1/fish/knowledge-media/mandarin_fish/skill/v1.webp,,,ACTIVE,FIELD_ABSENT,{},cards[] 有旧 ACTIVE 卡片响应，但没有 asset_version_id；无法证明它与知识资产版本绑定。 knowledge_assets 未包含该角色。
topmouth_culter,翘嘴鲌,COVER_HERO,UNKNOWN_PRODUCTION_DB_UNAVAILABLE,UNKNOWN_PRODUCTION_DB_UNAVAILABLE,UNKNOWN_PRODUCTION_DB_UNAVAILABLE,UNKNOWN_PRODUCTION_DB_UNAVAILABLE,BLOCKED_EXACT_VERSION_NOT_PROVABLE,YES,YES_PUBLIC_API_VERSION_BINDING_UNVERIFIED,,,,,,{},列表接口对应字段缺失；详情没有返回主视觉 URL、版本 ID 或状态。
topmouth_culter,翘嘴鲌,HERO,UNKNOWN_PRODUCTION_DB_UNAVAILABLE,UNKNOWN_PRODUCTION_DB_UNAVAILABLE,UNKNOWN_PRODUCTION_DB_UNAVAILABLE,UNKNOWN_PRODUCTION_DB_UNAVAILABLE,BLOCKED_EXACT_VERSION_NOT_PROVABLE,YES,YES_PUBLIC_API_VERSION_BINDING_UNVERIFIED,/api/v1/fish/knowledge-media/topmouth_culter/hero/v1.webp,,,ACTIVE,FIELD_ABSENT,{},cards[] 有旧 ACTIVE 卡片响应，但没有 asset_version_id；无法证明它与知识资产版本绑定。 knowledge_assets 未包含该角色。
topmouth_culter,翘嘴鲌,IDENTIFICATION,UNKNOWN_PRODUCTION_DB_UNAVAILABLE,UNKNOWN_PRODUCTION_DB_UNAVAILABLE,UNKNOWN_PRODUCTION_DB_UNAVAILABLE,UNKNOWN_PRODUCTION_DB_UNAVAILABLE,BLOCKED_EXACT_VERSION_NOT_PROVABLE,YES,YES_PUBLIC_API_VERSION_BINDING_UNVERIFIED,/api/v1/fish/knowledge-media/topmouth_culter/identification/v1.webp,,,ACTIVE,FIELD_ABSENT,{},cards[] 有旧 ACTIVE 卡片响应，但没有 asset_version_id；无法证明它与知识资产版本绑定。 knowledge_assets 未包含该角色。
topmouth_culter,翘嘴鲌,ECO,UNKNOWN_PRODUCTION_DB_UNAVAILABLE,UNKNOWN_PRODUCTION_DB_UNAVAILABLE,UNKNOWN_PRODUCTION_DB_UNAVAILABLE,UNKNOWN_PRODUCTION_DB_UNAVAILABLE,BLOCKED_EXACT_VERSION_NOT_PROVABLE,YES,YES_PUBLIC_API_VERSION_BINDING_UNVERIFIED,/api/v1/fish/knowledge-media/topmouth_culter/eco/v1.webp,,,ACTIVE,FIELD_ABSENT,{},cards[] 有旧 ACTIVE 卡片响应，但没有 asset_version_id；无法证明它与知识资产版本绑定。 knowledge_assets 未包含该角色。
topmouth_culter,翘嘴鲌,GEAR,UNKNOWN_PRODUCTION_DB_UNAVAILABLE,UNKNOWN_PRODUCTION_DB_UNAVAILABLE,UNKNOWN_PRODUCTION_DB_UNAVAILABLE,UNKNOWN_PRODUCTION_DB_UNAVAILABLE,BLOCKED_EXACT_VERSION_NOT_PROVABLE,YES,YES_PUBLIC_API_VERSION_BINDING_UNVERIFIED,/api/v1/fish/knowledge-media/topmouth_culter/gear/v1.webp,,,ACTIVE,FIELD_ABSENT,{},cards[] 有旧 ACTIVE 卡片响应，但没有 asset_version_id；无法证明它与知识资产版本绑定。 knowledge_assets 未包含该角色。
topmouth_culter,翘嘴鲌,SKILL,UNKNOWN_PRODUCTION_DB_UNAVAILABLE,UNKNOWN_PRODUCTION_DB_UNAVAILABLE,UNKNOWN_PRODUCTION_DB_UNAVAILABLE,UNKNOWN_PRODUCTION_DB_UNAVAILABLE,BLOCKED_EXACT_VERSION_NOT_PROVABLE,YES,YES_PUBLIC_API_VERSION_BINDING_UNVERIFIED,/api/v1/fish/knowledge-media/topmouth_culter/skill/v1.webp,,,ACTIVE,FIELD_ABSENT,{},cards[] 有旧 ACTIVE 卡片响应，但没有 asset_version_id；无法证明它与知识资产版本绑定。 knowledge_assets 未包含该角色。
blunt_snout_bream,鳊鱼,COVER_HERO,UNKNOWN_PRODUCTION_DB_UNAVAILABLE,UNKNOWN_PRODUCTION_DB_UNAVAILABLE,UNKNOWN_PRODUCTION_DB_UNAVAILABLE,UNKNOWN_PRODUCTION_DB_UNAVAILABLE,BLOCKED_EXACT_VERSION_NOT_PROVABLE,YES,YES_PUBLIC_API_VERSION_BINDING_UNVERIFIED,,,,,,{},列表接口对应字段缺失；详情没有返回主视觉 URL、版本 ID 或状态。
blunt_snout_bream,鳊鱼,HERO,UNKNOWN_PRODUCTION_DB_UNAVAILABLE,UNKNOWN_PRODUCTION_DB_UNAVAILABLE,UNKNOWN_PRODUCTION_DB_UNAVAILABLE,UNKNOWN_PRODUCTION_DB_UNAVAILABLE,BLOCKED_EXACT_VERSION_NOT_PROVABLE,YES,YES_PUBLIC_API_VERSION_BINDING_UNVERIFIED,/api/v1/fish/knowledge-media/blunt_snout_bream/hero/v1.webp,,,ACTIVE,FIELD_ABSENT,{},cards[] 有旧 ACTIVE 卡片响应，但没有 asset_version_id；无法证明它与知识资产版本绑定。 knowledge_assets 未包含该角色。
blunt_snout_bream,鳊鱼,IDENTIFICATION,UNKNOWN_PRODUCTION_DB_UNAVAILABLE,UNKNOWN_PRODUCTION_DB_UNAVAILABLE,UNKNOWN_PRODUCTION_DB_UNAVAILABLE,UNKNOWN_PRODUCTION_DB_UNAVAILABLE,BLOCKED_EXACT_VERSION_NOT_PROVABLE,YES,YES_PUBLIC_API_VERSION_BINDING_UNVERIFIED,/api/v1/fish/knowledge-media/blunt_snout_bream/identification/v1.webp,,,ACTIVE,FIELD_ABSENT,{},cards[] 有旧 ACTIVE 卡片响应，但没有 asset_version_id；无法证明它与知识资产版本绑定。 knowledge_assets 未包含该角色。
blunt_snout_bream,鳊鱼,ECO,UNKNOWN_PRODUCTION_DB_UNAVAILABLE,UNKNOWN_PRODUCTION_DB_UNAVAILABLE,UNKNOWN_PRODUCTION_DB_UNAVAILABLE,UNKNOWN_PRODUCTION_DB_UNAVAILABLE,BLOCKED_EXACT_VERSION_NOT_PROVABLE,YES,YES_PUBLIC_API_VERSION_BINDING_UNVERIFIED,/api/v1/fish/knowledge-media/blunt_snout_bream/eco/v1.webp,,,ACTIVE,FIELD_ABSENT,{},cards[] 有旧 ACTIVE 卡片响应，但没有 asset_version_id；无法证明它与知识资产版本绑定。 knowledge_assets 未包含该角色。
blunt_snout_bream,鳊鱼,GEAR,UNKNOWN_PRODUCTION_DB_UNAVAILABLE,UNKNOWN_PRODUCTION_DB_UNAVAILABLE,UNKNOWN_PRODUCTION_DB_UNAVAILABLE,UNKNOWN_PRODUCTION_DB_UNAVAILABLE,BLOCKED_EXACT_VERSION_NOT_PROVABLE,YES,YES_PUBLIC_API_VERSION_BINDING_UNVERIFIED,/api/v1/fish/knowledge-media/blunt_snout_bream/gear/v1.webp,,,ACTIVE,FIELD_ABSENT,{},cards[] 有旧 ACTIVE 卡片响应，但没有 asset_version_id；无法证明它与知识资产版本绑定。 knowledge_assets 未包含该角色。
blunt_snout_bream,鳊鱼,SKILL,UNKNOWN_PRODUCTION_DB_UNAVAILABLE,UNKNOWN_PRODUCTION_DB_UNAVAILABLE,UNKNOWN_PRODUCTION_DB_UNAVAILABLE,UNKNOWN_PRODUCTION_DB_UNAVAILABLE,BLOCKED_EXACT_VERSION_NOT_PROVABLE,YES,YES_PUBLIC_API_VERSION_BINDING_UNVERIFIED,/api/v1/fish/knowledge-media/blunt_snout_bream/skill/v1.webp,,,ACTIVE,FIELD_ABSENT,{},cards[] 有旧 ACTIVE 卡片响应，但没有 asset_version_id；无法证明它与知识资产版本绑定。 knowledge_assets 未包含该角色。
chinese_catfish,鲶鱼,COVER_HERO,UNKNOWN_PRODUCTION_DB_UNAVAILABLE,UNKNOWN_PRODUCTION_DB_UNAVAILABLE,UNKNOWN_PRODUCTION_DB_UNAVAILABLE,UNKNOWN_PRODUCTION_DB_UNAVAILABLE,BLOCKED_EXACT_VERSION_NOT_PROVABLE,YES,YES_PUBLIC_API_VERSION_BINDING_UNVERIFIED,,,,,,{},列表接口对应字段缺失；详情没有返回主视觉 URL、版本 ID 或状态。
chinese_catfish,鲶鱼,HERO,UNKNOWN_PRODUCTION_DB_UNAVAILABLE,UNKNOWN_PRODUCTION_DB_UNAVAILABLE,UNKNOWN_PRODUCTION_DB_UNAVAILABLE,UNKNOWN_PRODUCTION_DB_UNAVAILABLE,BLOCKED_EXACT_VERSION_NOT_PROVABLE,YES,YES_PUBLIC_API_VERSION_BINDING_UNVERIFIED,/api/v1/fish/knowledge-media/chinese_catfish/hero/v1.webp,,,ACTIVE,FIELD_ABSENT,{},cards[] 有旧 ACTIVE 卡片响应，但没有 asset_version_id；无法证明它与知识资产版本绑定。 knowledge_assets 未包含该角色。
chinese_catfish,鲶鱼,IDENTIFICATION,UNKNOWN_PRODUCTION_DB_UNAVAILABLE,UNKNOWN_PRODUCTION_DB_UNAVAILABLE,UNKNOWN_PRODUCTION_DB_UNAVAILABLE,UNKNOWN_PRODUCTION_DB_UNAVAILABLE,BLOCKED_EXACT_VERSION_NOT_PROVABLE,YES,YES_PUBLIC_API_VERSION_BINDING_UNVERIFIED,/api/v1/fish/knowledge-media/chinese_catfish/identification/v1.webp,,,ACTIVE,FIELD_ABSENT,{},cards[] 有旧 ACTIVE 卡片响应，但没有 asset_version_id；无法证明它与知识资产版本绑定。 knowledge_assets 未包含该角色。
chinese_catfish,鲶鱼,ECO,UNKNOWN_PRODUCTION_DB_UNAVAILABLE,UNKNOWN_PRODUCTION_DB_UNAVAILABLE,UNKNOWN_PRODUCTION_DB_UNAVAILABLE,UNKNOWN_PRODUCTION_DB_UNAVAILABLE,BLOCKED_EXACT_VERSION_NOT_PROVABLE,YES,YES_PUBLIC_API_VERSION_BINDING_UNVERIFIED,/api/v1/fish/knowledge-media/chinese_catfish/eco/v1.webp,,,ACTIVE,FIELD_ABSENT,{},cards[] 有旧 ACTIVE 卡片响应，但没有 asset_version_id；无法证明它与知识资产版本绑定。 knowledge_assets 未包含该角色。
chinese_catfish,鲶鱼,GEAR,UNKNOWN_PRODUCTION_DB_UNAVAILABLE,UNKNOWN_PRODUCTION_DB_UNAVAILABLE,UNKNOWN_PRODUCTION_DB_UNAVAILABLE,UNKNOWN_PRODUCTION_DB_UNAVAILABLE,BLOCKED_EXACT_VERSION_NOT_PROVABLE,YES,YES_PUBLIC_API_VERSION_BINDING_UNVERIFIED,/api/v1/fish/knowledge-media/chinese_catfish/gear/v1.webp,,,ACTIVE,FIELD_ABSENT,{},cards[] 有旧 ACTIVE 卡片响应，但没有 asset_version_id；无法证明它与知识资产版本绑定。 knowledge_assets 未包含该角色。
chinese_catfish,鲶鱼,SKILL,UNKNOWN_PRODUCTION_DB_UNAVAILABLE,UNKNOWN_PRODUCTION_DB_UNAVAILABLE,UNKNOWN_PRODUCTION_DB_UNAVAILABLE,UNKNOWN_PRODUCTION_DB_UNAVAILABLE,BLOCKED_EXACT_VERSION_NOT_PROVABLE,YES,YES_PUBLIC_API_VERSION_BINDING_UNVERIFIED,/api/v1/fish/knowledge-media/chinese_catfish/skill/v1.webp,,,ACTIVE,FIELD_ABSENT,{},cards[] 有旧 ACTIVE 卡片响应，但没有 asset_version_id；无法证明它与知识资产版本绑定。 knowledge_assets 未包含该角色。
mud_carp,鲮鱼,COVER_HERO,UNKNOWN_PRODUCTION_DB_UNAVAILABLE,UNKNOWN_PRODUCTION_DB_UNAVAILABLE,UNKNOWN_PRODUCTION_DB_UNAVAILABLE,UNKNOWN_PRODUCTION_DB_UNAVAILABLE,BLOCKED_EXACT_VERSION_NOT_PROVABLE,YES,YES_PUBLIC_API_VERSION_BINDING_UNVERIFIED,,,,,,{},列表接口对应字段缺失；详情没有返回主视觉 URL、版本 ID 或状态。
mud_carp,鲮鱼,HERO,UNKNOWN_PRODUCTION_DB_UNAVAILABLE,UNKNOWN_PRODUCTION_DB_UNAVAILABLE,UNKNOWN_PRODUCTION_DB_UNAVAILABLE,UNKNOWN_PRODUCTION_DB_UNAVAILABLE,BLOCKED_EXACT_VERSION_NOT_PROVABLE,YES,YES_PUBLIC_API_VERSION_BINDING_UNVERIFIED,/api/v1/fish/knowledge-media/mud_carp/hero/v1.webp,,,ACTIVE,FIELD_ABSENT,{},cards[] 有旧 ACTIVE 卡片响应，但没有 asset_version_id；无法证明它与知识资产版本绑定。 knowledge_assets 未包含该角色。
mud_carp,鲮鱼,IDENTIFICATION,UNKNOWN_PRODUCTION_DB_UNAVAILABLE,UNKNOWN_PRODUCTION_DB_UNAVAILABLE,UNKNOWN_PRODUCTION_DB_UNAVAILABLE,UNKNOWN_PRODUCTION_DB_UNAVAILABLE,BLOCKED_EXACT_VERSION_NOT_PROVABLE,YES,YES_PUBLIC_API_VERSION_BINDING_UNVERIFIED,/api/v1/fish/knowledge-media/mud_carp/identification/v1.webp,,,ACTIVE,FIELD_ABSENT,{},cards[] 有旧 ACTIVE 卡片响应，但没有 asset_version_id；无法证明它与知识资产版本绑定。 knowledge_assets 未包含该角色。
mud_carp,鲮鱼,ECO,UNKNOWN_PRODUCTION_DB_UNAVAILABLE,UNKNOWN_PRODUCTION_DB_UNAVAILABLE,UNKNOWN_PRODUCTION_DB_UNAVAILABLE,UNKNOWN_PRODUCTION_DB_UNAVAILABLE,BLOCKED_EXACT_VERSION_NOT_PROVABLE,YES,YES_PUBLIC_API_VERSION_BINDING_UNVERIFIED,/api/v1/fish/knowledge-media/mud_carp/eco/v1.webp,,,ACTIVE,FIELD_ABSENT,{},cards[] 有旧 ACTIVE 卡片响应，但没有 asset_version_id；无法证明它与知识资产版本绑定。 knowledge_assets 未包含该角色。
mud_carp,鲮鱼,GEAR,UNKNOWN_PRODUCTION_DB_UNAVAILABLE,UNKNOWN_PRODUCTION_DB_UNAVAILABLE,UNKNOWN_PRODUCTION_DB_UNAVAILABLE,UNKNOWN_PRODUCTION_DB_UNAVAILABLE,BLOCKED_EXACT_VERSION_NOT_PROVABLE,YES,YES_PUBLIC_API_VERSION_BINDING_UNVERIFIED,/api/v1/fish/knowledge-media/mud_carp/gear/v1.webp,,,ACTIVE,FIELD_ABSENT,{},cards[] 有旧 ACTIVE 卡片响应，但没有 asset_version_id；无法证明它与知识资产版本绑定。 knowledge_assets 未包含该角色。
mud_carp,鲮鱼,SKILL,UNKNOWN_PRODUCTION_DB_UNAVAILABLE,UNKNOWN_PRODUCTION_DB_UNAVAILABLE,UNKNOWN_PRODUCTION_DB_UNAVAILABLE,UNKNOWN_PRODUCTION_DB_UNAVAILABLE,BLOCKED_EXACT_VERSION_NOT_PROVABLE,YES,YES_PUBLIC_API_VERSION_BINDING_UNVERIFIED,/api/v1/fish/knowledge-media/mud_carp/skill/v1.webp,,,ACTIVE,FIELD_ABSENT,{},cards[] 有旧 ACTIVE 卡片响应，但没有 asset_version_id；无法证明它与知识资产版本绑定。 knowledge_assets 未包含该角色。
sharpbelly,白条,COVER_HERO,UNKNOWN_PRODUCTION_DB_UNAVAILABLE,UNKNOWN_PRODUCTION_DB_UNAVAILABLE,UNKNOWN_PRODUCTION_DB_UNAVAILABLE,UNKNOWN_PRODUCTION_DB_UNAVAILABLE,BLOCKED_EXACT_VERSION_NOT_PROVABLE,YES,YES_PUBLIC_API_VERSION_BINDING_UNVERIFIED,,,,,,{},列表接口对应字段缺失；详情没有返回主视觉 URL、版本 ID 或状态。
sharpbelly,白条,HERO,UNKNOWN_PRODUCTION_DB_UNAVAILABLE,UNKNOWN_PRODUCTION_DB_UNAVAILABLE,UNKNOWN_PRODUCTION_DB_UNAVAILABLE,UNKNOWN_PRODUCTION_DB_UNAVAILABLE,BLOCKED_EXACT_VERSION_NOT_PROVABLE,YES,YES_PUBLIC_API_VERSION_BINDING_UNVERIFIED,/api/v1/fish/knowledge-media/sharpbelly/hero/hero.webp,,,ACTIVE,FIELD_ABSENT,{},cards[] 有旧 ACTIVE 卡片响应，但没有 asset_version_id；无法证明它与知识资产版本绑定。 knowledge_assets 未包含该角色。
sharpbelly,白条,IDENTIFICATION,UNKNOWN_PRODUCTION_DB_UNAVAILABLE,UNKNOWN_PRODUCTION_DB_UNAVAILABLE,UNKNOWN_PRODUCTION_DB_UNAVAILABLE,UNKNOWN_PRODUCTION_DB_UNAVAILABLE,BLOCKED_EXACT_VERSION_NOT_PROVABLE,YES,YES_PUBLIC_API_VERSION_BINDING_UNVERIFIED,/api/v1/fish/knowledge-media/sharpbelly/identification/identification.webp,,,ACTIVE,FIELD_ABSENT,{},cards[] 有旧 ACTIVE 卡片响应，但没有 asset_version_id；无法证明它与知识资产版本绑定。 knowledge_assets 未包含该角色。
sharpbelly,白条,ECO,UNKNOWN_PRODUCTION_DB_UNAVAILABLE,UNKNOWN_PRODUCTION_DB_UNAVAILABLE,UNKNOWN_PRODUCTION_DB_UNAVAILABLE,UNKNOWN_PRODUCTION_DB_UNAVAILABLE,BLOCKED_EXACT_VERSION_NOT_PROVABLE,YES,YES_PUBLIC_API_VERSION_BINDING_UNVERIFIED,/api/v1/fish/knowledge-media/sharpbelly/eco/eco.webp,,,ACTIVE,FIELD_ABSENT,{},cards[] 有旧 ACTIVE 卡片响应，但没有 asset_version_id；无法证明它与知识资产版本绑定。 knowledge_assets 未包含该角色。
sharpbelly,白条,GEAR,UNKNOWN_PRODUCTION_DB_UNAVAILABLE,UNKNOWN_PRODUCTION_DB_UNAVAILABLE,UNKNOWN_PRODUCTION_DB_UNAVAILABLE,UNKNOWN_PRODUCTION_DB_UNAVAILABLE,BLOCKED_EXACT_VERSION_NOT_PROVABLE,YES,YES_PUBLIC_API_VERSION_BINDING_UNVERIFIED,/api/v1/fish/knowledge-media/sharpbelly/gear/gear.webp,,,ACTIVE,FIELD_ABSENT,{},cards[] 有旧 ACTIVE 卡片响应，但没有 asset_version_id；无法证明它与知识资产版本绑定。 knowledge_assets 未包含该角色。
sharpbelly,白条,SKILL,UNKNOWN_PRODUCTION_DB_UNAVAILABLE,UNKNOWN_PRODUCTION_DB_UNAVAILABLE,UNKNOWN_PRODUCTION_DB_UNAVAILABLE,UNKNOWN_PRODUCTION_DB_UNAVAILABLE,BLOCKED_EXACT_VERSION_NOT_PROVABLE,YES,YES_PUBLIC_API_VERSION_BINDING_UNVERIFIED,/api/v1/fish/knowledge-media/sharpbelly/skill/skill.webp,,,ACTIVE,FIELD_ABSENT,{},cards[] 有旧 ACTIVE 卡片响应，但没有 asset_version_id；无法证明它与知识资产版本绑定。 knowledge_assets 未包含该角色。
chinese_hooksnout_carp,马口鱼,COVER_HERO,UNKNOWN_PRODUCTION_DB_UNAVAILABLE,UNKNOWN_PRODUCTION_DB_UNAVAILABLE,UNKNOWN_PRODUCTION_DB_UNAVAILABLE,UNKNOWN_PRODUCTION_DB_UNAVAILABLE,BLOCKED_EXACT_VERSION_NOT_PROVABLE,YES,YES_PUBLIC_API_VERSION_BINDING_UNVERIFIED,,,,,,{},列表接口对应字段缺失；详情没有返回主视觉 URL、版本 ID 或状态。
chinese_hooksnout_carp,马口鱼,HERO,UNKNOWN_PRODUCTION_DB_UNAVAILABLE,UNKNOWN_PRODUCTION_DB_UNAVAILABLE,UNKNOWN_PRODUCTION_DB_UNAVAILABLE,UNKNOWN_PRODUCTION_DB_UNAVAILABLE,BLOCKED_EXACT_VERSION_NOT_PROVABLE,YES,YES_PUBLIC_API_VERSION_BINDING_UNVERIFIED,/api/v1/fish/knowledge-media/chinese_hooksnout_carp/hero/v1.webp,,,ACTIVE,FIELD_ABSENT,{},cards[] 有旧 ACTIVE 卡片响应，但没有 asset_version_id；无法证明它与知识资产版本绑定。 knowledge_assets 未包含该角色。
chinese_hooksnout_carp,马口鱼,IDENTIFICATION,UNKNOWN_PRODUCTION_DB_UNAVAILABLE,UNKNOWN_PRODUCTION_DB_UNAVAILABLE,UNKNOWN_PRODUCTION_DB_UNAVAILABLE,UNKNOWN_PRODUCTION_DB_UNAVAILABLE,BLOCKED_EXACT_VERSION_NOT_PROVABLE,YES,YES_PUBLIC_API_VERSION_BINDING_UNVERIFIED,/api/v1/fish/knowledge-media/chinese_hooksnout_carp/identification/v1.webp,,,ACTIVE,FIELD_ABSENT,{},cards[] 有旧 ACTIVE 卡片响应，但没有 asset_version_id；无法证明它与知识资产版本绑定。 knowledge_assets 未包含该角色。
chinese_hooksnout_carp,马口鱼,ECO,UNKNOWN_PRODUCTION_DB_UNAVAILABLE,UNKNOWN_PRODUCTION_DB_UNAVAILABLE,UNKNOWN_PRODUCTION_DB_UNAVAILABLE,UNKNOWN_PRODUCTION_DB_UNAVAILABLE,BLOCKED_EXACT_VERSION_NOT_PROVABLE,YES,YES_PUBLIC_API_VERSION_BINDING_UNVERIFIED,/api/v1/fish/knowledge-media/chinese_hooksnout_carp/eco/v1.webp,,,ACTIVE,FIELD_ABSENT,{},cards[] 有旧 ACTIVE 卡片响应，但没有 asset_version_id；无法证明它与知识资产版本绑定。 knowledge_assets 未包含该角色。
chinese_hooksnout_carp,马口鱼,GEAR,UNKNOWN_PRODUCTION_DB_UNAVAILABLE,UNKNOWN_PRODUCTION_DB_UNAVAILABLE,UNKNOWN_PRODUCTION_DB_UNAVAILABLE,UNKNOWN_PRODUCTION_DB_UNAVAILABLE,BLOCKED_EXACT_VERSION_NOT_PROVABLE,YES,YES_PUBLIC_API_VERSION_BINDING_UNVERIFIED,/api/v1/fish/knowledge-media/chinese_hooksnout_carp/gear/v1.webp,,,ACTIVE,FIELD_ABSENT,{},cards[] 有旧 ACTIVE 卡片响应，但没有 asset_version_id；无法证明它与知识资产版本绑定。 knowledge_assets 未包含该角色。
chinese_hooksnout_carp,马口鱼,SKILL,UNKNOWN_PRODUCTION_DB_UNAVAILABLE,UNKNOWN_PRODUCTION_DB_UNAVAILABLE,UNKNOWN_PRODUCTION_DB_UNAVAILABLE,UNKNOWN_PRODUCTION_DB_UNAVAILABLE,BLOCKED_EXACT_VERSION_NOT_PROVABLE,YES,YES_PUBLIC_API_VERSION_BINDING_UNVERIFIED,/api/v1/fish/knowledge-media/chinese_hooksnout_carp/skill/v1.webp,,,ACTIVE,FIELD_ABSENT,{},cards[] 有旧 ACTIVE 卡片响应，但没有 asset_version_id；无法证明它与知识资产版本绑定。 knowledge_assets 未包含该角色。
yellowcheek,鳡鱼,COVER_HERO,UNKNOWN_PRODUCTION_DB_UNAVAILABLE,UNKNOWN_PRODUCTION_DB_UNAVAILABLE,UNKNOWN_PRODUCTION_DB_UNAVAILABLE,UNKNOWN_PRODUCTION_DB_UNAVAILABLE,BLOCKED_EXACT_VERSION_NOT_PROVABLE,YES,YES_PUBLIC_API_VERSION_BINDING_UNVERIFIED,,,,,,{},列表接口对应字段缺失；详情没有返回主视觉 URL、版本 ID 或状态。
yellowcheek,鳡鱼,HERO,UNKNOWN_PRODUCTION_DB_UNAVAILABLE,UNKNOWN_PRODUCTION_DB_UNAVAILABLE,UNKNOWN_PRODUCTION_DB_UNAVAILABLE,UNKNOWN_PRODUCTION_DB_UNAVAILABLE,BLOCKED_EXACT_VERSION_NOT_PROVABLE,YES,YES_PUBLIC_API_VERSION_BINDING_UNVERIFIED,/api/v1/fish/knowledge-media/yellowcheek/hero/v1.webp,,,ACTIVE,FIELD_ABSENT,{},cards[] 有旧 ACTIVE 卡片响应，但没有 asset_version_id；无法证明它与知识资产版本绑定。 knowledge_assets 未包含该角色。
yellowcheek,鳡鱼,IDENTIFICATION,UNKNOWN_PRODUCTION_DB_UNAVAILABLE,UNKNOWN_PRODUCTION_DB_UNAVAILABLE,UNKNOWN_PRODUCTION_DB_UNAVAILABLE,UNKNOWN_PRODUCTION_DB_UNAVAILABLE,BLOCKED_EXACT_VERSION_NOT_PROVABLE,YES,YES_PUBLIC_API_VERSION_BINDING_UNVERIFIED,/api/v1/fish/knowledge-media/yellowcheek/identification/v1.webp,,,ACTIVE,FIELD_ABSENT,{},cards[] 有旧 ACTIVE 卡片响应，但没有 asset_version_id；无法证明它与知识资产版本绑定。 knowledge_assets 未包含该角色。
yellowcheek,鳡鱼,ECO,UNKNOWN_PRODUCTION_DB_UNAVAILABLE,UNKNOWN_PRODUCTION_DB_UNAVAILABLE,UNKNOWN_PRODUCTION_DB_UNAVAILABLE,UNKNOWN_PRODUCTION_DB_UNAVAILABLE,BLOCKED_EXACT_VERSION_NOT_PROVABLE,YES,YES_PUBLIC_API_VERSION_BINDING_UNVERIFIED,/api/v1/fish/knowledge-media/yellowcheek/eco/v1.webp,,,ACTIVE,FIELD_ABSENT,{},cards[] 有旧 ACTIVE 卡片响应，但没有 asset_version_id；无法证明它与知识资产版本绑定。 knowledge_assets 未包含该角色。
yellowcheek,鳡鱼,GEAR,UNKNOWN_PRODUCTION_DB_UNAVAILABLE,UNKNOWN_PRODUCTION_DB_UNAVAILABLE,UNKNOWN_PRODUCTION_DB_UNAVAILABLE,UNKNOWN_PRODUCTION_DB_UNAVAILABLE,BLOCKED_EXACT_VERSION_NOT_PROVABLE,YES,YES_PUBLIC_API_VERSION_BINDING_UNVERIFIED,/api/v1/fish/knowledge-media/yellowcheek/gear/v1.webp,,,ACTIVE,FIELD_ABSENT,{},cards[] 有旧 ACTIVE 卡片响应，但没有 asset_version_id；无法证明它与知识资产版本绑定。 knowledge_assets 未包含该角色。
yellowcheek,鳡鱼,SKILL,UNKNOWN_PRODUCTION_DB_UNAVAILABLE,UNKNOWN_PRODUCTION_DB_UNAVAILABLE,UNKNOWN_PRODUCTION_DB_UNAVAILABLE,UNKNOWN_PRODUCTION_DB_UNAVAILABLE,BLOCKED_EXACT_VERSION_NOT_PROVABLE,YES,YES_PUBLIC_API_VERSION_BINDING_UNVERIFIED,/api/v1/fish/knowledge-media/yellowcheek/skill/v1.webp,,,ACTIVE,FIELD_ABSENT,{},cards[] 有旧 ACTIVE 卡片响应，但没有 asset_version_id；无法证明它与知识资产版本绑定。 knowledge_assets 未包含该角色。
yellowfin_culter,黄尾鲴,COVER_HERO,UNKNOWN_PRODUCTION_DB_UNAVAILABLE,UNKNOWN_PRODUCTION_DB_UNAVAILABLE,UNKNOWN_PRODUCTION_DB_UNAVAILABLE,UNKNOWN_PRODUCTION_DB_UNAVAILABLE,BLOCKED_EXACT_VERSION_NOT_PROVABLE,YES,YES_PUBLIC_API_VERSION_BINDING_UNVERIFIED,,,,,,{},列表接口对应字段缺失；详情没有返回主视觉 URL、版本 ID 或状态。
yellowfin_culter,黄尾鲴,HERO,UNKNOWN_PRODUCTION_DB_UNAVAILABLE,UNKNOWN_PRODUCTION_DB_UNAVAILABLE,UNKNOWN_PRODUCTION_DB_UNAVAILABLE,UNKNOWN_PRODUCTION_DB_UNAVAILABLE,BLOCKED_EXACT_VERSION_NOT_PROVABLE,YES,YES_PUBLIC_API_VERSION_BINDING_UNVERIFIED,/api/v1/fish/knowledge-media/yellowfin_culter/hero/v1.webp,,,ACTIVE,FIELD_ABSENT,{},cards[] 有旧 ACTIVE 卡片响应，但没有 asset_version_id；无法证明它与知识资产版本绑定。 knowledge_assets 未包含该角色。
yellowfin_culter,黄尾鲴,IDENTIFICATION,UNKNOWN_PRODUCTION_DB_UNAVAILABLE,UNKNOWN_PRODUCTION_DB_UNAVAILABLE,UNKNOWN_PRODUCTION_DB_UNAVAILABLE,UNKNOWN_PRODUCTION_DB_UNAVAILABLE,BLOCKED_EXACT_VERSION_NOT_PROVABLE,YES,YES_PUBLIC_API_VERSION_BINDING_UNVERIFIED,/api/v1/fish/knowledge-media/yellowfin_culter/identification/v1.webp,,,ACTIVE,FIELD_ABSENT,{},cards[] 有旧 ACTIVE 卡片响应，但没有 asset_version_id；无法证明它与知识资产版本绑定。 knowledge_assets 未包含该角色。
yellowfin_culter,黄尾鲴,ECO,UNKNOWN_PRODUCTION_DB_UNAVAILABLE,UNKNOWN_PRODUCTION_DB_UNAVAILABLE,UNKNOWN_PRODUCTION_DB_UNAVAILABLE,UNKNOWN_PRODUCTION_DB_UNAVAILABLE,BLOCKED_EXACT_VERSION_NOT_PROVABLE,YES,YES_PUBLIC_API_VERSION_BINDING_UNVERIFIED,/api/v1/fish/knowledge-media/yellowfin_culter/eco/v1.webp,,,ACTIVE,FIELD_ABSENT,{},cards[] 有旧 ACTIVE 卡片响应，但没有 asset_version_id；无法证明它与知识资产版本绑定。 knowledge_assets 未包含该角色。
yellowfin_culter,黄尾鲴,GEAR,UNKNOWN_PRODUCTION_DB_UNAVAILABLE,UNKNOWN_PRODUCTION_DB_UNAVAILABLE,UNKNOWN_PRODUCTION_DB_UNAVAILABLE,UNKNOWN_PRODUCTION_DB_UNAVAILABLE,BLOCKED_EXACT_VERSION_NOT_PROVABLE,YES,YES_PUBLIC_API_VERSION_BINDING_UNVERIFIED,/api/v1/fish/knowledge-media/yellowfin_culter/gear/v1.webp,,,ACTIVE,FIELD_ABSENT,{},cards[] 有旧 ACTIVE 卡片响应，但没有 asset_version_id；无法证明它与知识资产版本绑定。 knowledge_assets 未包含该角色。
yellowfin_culter,黄尾鲴,SKILL,UNKNOWN_PRODUCTION_DB_UNAVAILABLE,UNKNOWN_PRODUCTION_DB_UNAVAILABLE,UNKNOWN_PRODUCTION_DB_UNAVAILABLE,UNKNOWN_PRODUCTION_DB_UNAVAILABLE,BLOCKED_EXACT_VERSION_NOT_PROVABLE,YES,YES_PUBLIC_API_VERSION_BINDING_UNVERIFIED,/api/v1/fish/knowledge-media/yellowfin_culter/skill/v1.webp,,,ACTIVE,FIELD_ABSENT,{},cards[] 有旧 ACTIVE 卡片响应，但没有 asset_version_id；无法证明它与知识资产版本绑定。 knowledge_assets 未包含该角色。
redfin_culter,红眼鳟,COVER_HERO,UNKNOWN_PRODUCTION_DB_UNAVAILABLE,UNKNOWN_PRODUCTION_DB_UNAVAILABLE,UNKNOWN_PRODUCTION_DB_UNAVAILABLE,UNKNOWN_PRODUCTION_DB_UNAVAILABLE,BLOCKED_EXACT_VERSION_NOT_PROVABLE,YES,YES_PUBLIC_API_VERSION_BINDING_UNVERIFIED,,,,,,{},列表接口对应字段缺失；详情没有返回主视觉 URL、版本 ID 或状态。
redfin_culter,红眼鳟,HERO,UNKNOWN_PRODUCTION_DB_UNAVAILABLE,UNKNOWN_PRODUCTION_DB_UNAVAILABLE,UNKNOWN_PRODUCTION_DB_UNAVAILABLE,UNKNOWN_PRODUCTION_DB_UNAVAILABLE,BLOCKED_EXACT_VERSION_NOT_PROVABLE,YES,YES_PUBLIC_API_VERSION_BINDING_UNVERIFIED,/api/v1/fish/knowledge-media/redfin_culter/hero/v1.webp,,,ACTIVE,FIELD_ABSENT,{},cards[] 有旧 ACTIVE 卡片响应，但没有 asset_version_id；无法证明它与知识资产版本绑定。 knowledge_assets 未包含该角色。
redfin_culter,红眼鳟,IDENTIFICATION,UNKNOWN_PRODUCTION_DB_UNAVAILABLE,UNKNOWN_PRODUCTION_DB_UNAVAILABLE,UNKNOWN_PRODUCTION_DB_UNAVAILABLE,UNKNOWN_PRODUCTION_DB_UNAVAILABLE,BLOCKED_EXACT_VERSION_NOT_PROVABLE,YES,YES_PUBLIC_API_VERSION_BINDING_UNVERIFIED,/api/v1/fish/knowledge-media/redfin_culter/identification/v1.webp,,,ACTIVE,FIELD_ABSENT,{},cards[] 有旧 ACTIVE 卡片响应，但没有 asset_version_id；无法证明它与知识资产版本绑定。 knowledge_assets 未包含该角色。
redfin_culter,红眼鳟,ECO,UNKNOWN_PRODUCTION_DB_UNAVAILABLE,UNKNOWN_PRODUCTION_DB_UNAVAILABLE,UNKNOWN_PRODUCTION_DB_UNAVAILABLE,UNKNOWN_PRODUCTION_DB_UNAVAILABLE,BLOCKED_EXACT_VERSION_NOT_PROVABLE,YES,YES_PUBLIC_API_VERSION_BINDING_UNVERIFIED,/api/v1/fish/knowledge-media/redfin_culter/eco/v1.webp,,,ACTIVE,FIELD_ABSENT,{},cards[] 有旧 ACTIVE 卡片响应，但没有 asset_version_id；无法证明它与知识资产版本绑定。 knowledge_assets 未包含该角色。
redfin_culter,红眼鳟,GEAR,UNKNOWN_PRODUCTION_DB_UNAVAILABLE,UNKNOWN_PRODUCTION_DB_UNAVAILABLE,UNKNOWN_PRODUCTION_DB_UNAVAILABLE,UNKNOWN_PRODUCTION_DB_UNAVAILABLE,BLOCKED_EXACT_VERSION_NOT_PROVABLE,YES,YES_PUBLIC_API_VERSION_BINDING_UNVERIFIED,/api/v1/fish/knowledge-media/redfin_culter/gear/v1.webp,,,ACTIVE,FIELD_ABSENT,{},cards[] 有旧 ACTIVE 卡片响应，但没有 asset_version_id；无法证明它与知识资产版本绑定。 knowledge_assets 未包含该角色。
redfin_culter,红眼鳟,SKILL,UNKNOWN_PRODUCTION_DB_UNAVAILABLE,UNKNOWN_PRODUCTION_DB_UNAVAILABLE,UNKNOWN_PRODUCTION_DB_UNAVAILABLE,UNKNOWN_PRODUCTION_DB_UNAVAILABLE,BLOCKED_EXACT_VERSION_NOT_PROVABLE,YES,YES_PUBLIC_API_VERSION_BINDING_UNVERIFIED,/api/v1/fish/knowledge-media/redfin_culter/skill/v1.webp,,,ACTIVE,FIELD_ABSENT,{},cards[] 有旧 ACTIVE 卡片响应，但没有 asset_version_id；无法证明它与知识资产版本绑定。 knowledge_assets 未包含该角色。
